{
    "Ridge": {
        "MAE": [
            0.056691886277421874,
            0.1632175393913247
        ],
        "MAPE": [
            0.9397206751847162,
            1.272682937328467
        ]
    },
    "Random Forest": {
        "MAE": [
            0.04749352421524522,
            0.2859571158994254
        ],
        "MAPE": [
            0.7101298703732433,
            2.0151648634152646
        ]
    },
    "XGB": {
        "MAE": [
            0.07264199627749048,
            0.3427390723892405
        ],
        "MAPE": [
            1.1134007749728814,
            2.354379975833223
        ]
    }
}