{
    "Ridge": {
        "MAE": [
            0.018591589827914017,
            0.20999691740820017
        ],
        "MAPE": [
            0.3115547469287917,
            1.6168258763616348
        ]
    },
    "Random Forest": {
        "MAE": [
            0.023381212105397335,
            0.22758328336208072
        ],
        "MAPE": [
            0.32200828100056095,
            1.7229718235630358
        ]
    },
    "XGB": {
        "MAE": [
            0.04591453615944547,
            0.25264922054076927
        ],
        "MAPE": [
            0.6904792459169566,
            1.8483647811430193
        ]
    }
}