{
    "Ridge": {
        "MAE": [
            0.1706297374277055,
            0.14383682435838183
        ],
        "MAPE": [
            3.0536539834260723,
            1.115771558379109
        ]
    },
    "Random Forest": {
        "MAE": [
            0.1210067761075951,
            0.30297470614828276
        ],
        "MAPE": [
            1.928205777467675,
            2.0724967725426633
        ]
    },
    "XGB": {
        "MAE": [
            0.16140752451027496,
            0.2806594660312314
        ],
        "MAPE": [
            2.6031969137162676,
            1.9662475371419048
        ]
    }
}