{
    "Ridge": {
        "MAE": [
            0.10531542838995075,
            0.13721185593876709
        ],
        "MAPE": [
            1.7771065322329769,
            1.0706919787697837
        ]
    },
    "Random Forest": {
        "MAE": [
            0.07703847759771652,
            0.30690850161783173
        ],
        "MAPE": [
            1.2046096714223282,
            2.1020454992331588
        ]
    },
    "XGB": {
        "MAE": [
            0.11074414604594425,
            0.2777177509908004
        ],
        "MAPE": [
            1.737733463187175,
            1.9506320377063915
        ]
    }
}