{
    "Ridge": {
        "MAE": [
            8.540307660647027,
            24.557613252451887
        ],
        "MAPE": [
            0.3882905973103033,
            0.8972488203471595
        ]
    },
    "Random Forest": {
        "MAE": [
            7.199023175585792,
            26.853010804334154
        ],
        "MAPE": [
            0.3254840058702342,
            0.977671448753407
        ]
    },
    "XGB": {
        "MAE": [
            11.489472413951168,
            28.429694939224415
        ],
        "MAPE": [
            0.5478945846095106,
            1.0383288798459684
        ]
    }
}