{
    "Ridge": {
        "MAE": [
            25.630614812545886,
            21.7693011078881
        ],
        "MAPE": [
            1.1658578713487606,
            0.7911125326143557
        ]
    },
    "Random Forest": {
        "MAE": [
            18.690640219184523,
            24.735029357335073
        ],
        "MAPE": [
            0.8481268586644577,
            0.8934359669620539
        ]
    },
    "XGB": {
        "MAE": [
            23.48814018815917,
            24.668935284004874
        ],
        "MAPE": [
            1.0987166128598778,
            0.8942108611567081
        ]
    }
}